graph,laplacian,silhouette,adjusted_rand,number_of_clusters,hyperparameters,cluster_labels,graph_laplacian
full,sym,0.010971729031322708,0.02959278871434207,2,local_sigma=33,[0 1 0 ... 1 1 0],full_sym
full,rw,0.010971729031322708,0.02959278871434207,2,local_sigma=33,[0 1 0 ... 1 1 0],full_rw
full,ad,0.010964869257393917,0.028389755943741084,2,local_sigma=33,[0 1 0 ... 1 1 0],full_ad
eps,sym,0.013258325599226592,0.030939626958043375,2,epsilon=4.668825243034861,[1 1 0 ... 1 1 0],eps_sym
eps,rw,0.01680665985095522,2.9284080763276254e-05,2,epsilon=4.668825243034861,[0 0 0 ... 0 0 0],eps_rw
eps,ad,0.014357559368171503,0.025847211799247174,2,epsilon=4.668825243034861,[0 0 1 ... 0 0 1],eps_ad
knn,sym,0.011001737256337556,0.029596892476520788,2,k_nn=271,[1 0 1 ... 0 0 1],knn_sym
knn,rw,0.011001737256337556,0.029596892476520788,2,k_nn=271,[1 0 1 ... 0 0 1],knn_rw
knn,ad,0.011001737256337556,0.029596892476520788,2,k_nn=271,[1 0 1 ... 0 0 1],knn_ad
mknn,sym,0.03908589586727305,2.718377446252181e-06,2,k_mknn=77,[0 0 0 ... 0 0 0],mknn_sym
mknn,rw,0.03908589586727305,2.718377446252181e-06,2,k_mknn=77,[0 0 0 ... 0 0 0],mknn_rw
mknn,ad,0.03908589586727305,2.718377446252181e-06,2,k_mknn=77,[0 0 0 ... 0 0 0],mknn_ad
