node_label,is_feature_based,laplacian_type,number_of_eigenvectors,use_kmean_for_silhouette,silhouette_score,rand_index,total_time,affinity_time,laplacian_time,clustering_time,adjusted_rand_index_time,memory_used,cpu_used
cora,False,sym,7,True,0.9272558246560005,0.0019790911964164245,508880.759416,489.043416,349257.681625,158635.3235,495.069583,-164.380672,16.9
cora,False,rw,7,True,0.9279517363427688,0.0017736919769049972,496451.201416,274.370125,355578.329083,140116.41475,481.561292,-62.783488,33.6
cora,False,ad,7,True,0.9577801727597577,0.00035478138000931924,518917.459833,446.554584,367545.397708,150376.362,548.370125,79.986688,8.9
